101,Star Wars VII: The Force Awakens,2015,8.2
102,Rogue One,2016,8.0
103,Breakfast at Tiffany's,1961,7.8
104,Breakfast at Kaufmann's,1950,2.2
105,Star Wars I: The Phantom Menace,1999,6.5
106,Star Wars VI: Return of the Jedi,1983,8.7
107,Destroying America,2016,9.9
108,How to Delete E-Mails,2015,0.2
109,World War I,1917,2.0
110,World War II,1944,6.8
111,Y2K,2000,0.1
112,World War III,2016,7.1
113,A Small Loan of a Million Dollars,1974,3.4
114,Gangsters,1905,8.9
115,Gangstas,1995,0.5
116,Frozen,2014,7.7
117,The Bourne Identity,2002,9.0
118,The Bourne Supremacy,2004,9.1
119,The Bourne Ultimatum,2007,8.9
120,Jason Bourne,2016,8.5
121,Mission: Impossible,1996,7.1
122,Mr. and Mrs. Smith,2005,5.5
123,Flubber,1997,7.3
124,The DaVinci Code,2006,8.2
125,National Treasure,2004,8.6
126,Pirates of the Caribbean,2003,6.3
127,Pranks with Joe,2015,9.5
